﻿<?xml version="1.0"?>
<doc>
<assembly>
<name>
TelerikWpfApp1
</name>
</assembly>
<members>
<member name="T:TelerikWpfApp1.My.MyWpfExtension">
 <summary>
 Module used to define the properties that are available in the My Namespace for WPF
 </summary>
 <remarks></remarks>
</member>
<member name="P:TelerikWpfApp1.My.MyWpfExtension.Application">
 <summary>
 Returns the application object for the running application
 </summary>
</member>
<member name="P:TelerikWpfApp1.My.MyWpfExtension.Computer">
 <summary>
 Returns information about the host computer.
 </summary>
</member>
<member name="P:TelerikWpfApp1.My.MyWpfExtension.User">
 <summary>
 Returns information for the current user.  If you wish to run the application with the current 
 Windows user credentials, call My.User.InitializeWithWindowsUser().
 </summary>
</member>
<member name="P:TelerikWpfApp1.My.MyWpfExtension.Log">
 <summary>
 Returns the application log. The listeners can be configured by the application's configuration file.
 </summary>
</member>
<member name="P:TelerikWpfApp1.My.MyWpfExtension.Windows">
 <summary>
 Returns the collection of Windows defined in the project.
 </summary>
</member>
<member name="T:TelerikWpfApp1.My.Resources.Resources">
<summary>
  一个强类型的资源类，用于查找本地化的字符串等。
</summary>
</member>
<member name="P:TelerikWpfApp1.My.Resources.Resources.ResourceManager">
<summary>
  返回此类使用的缓存的 ResourceManager 实例。
</summary>
</member>
<member name="P:TelerikWpfApp1.My.Resources.Resources.Culture">
<summary>
  重写当前线程的 CurrentUICulture 属性，对
  使用此强类型资源类的所有资源查找执行重写。
</summary>
</member>
<member name="T:TelerikWpfApp1.MainWindow1">
<summary>
MainWindow1
</summary>
</member>
<member name="M:TelerikWpfApp1.MainWindow1.InitializeComponent">
<summary>
InitializeComponent
</summary>
</member>
<member name="T:TelerikWpfApp1.UserControl1">
<summary>
UserControl1
</summary>
</member>
<member name="M:TelerikWpfApp1.UserControl1.InitializeComponent">
<summary>
InitializeComponent
</summary>
</member>
<member name="T:TelerikWpfApp1.SaveDialog">
<summary>
SaveDialog
</summary>
</member>
<member name="M:TelerikWpfApp1.SaveDialog.InitializeComponent">
<summary>
InitializeComponent
</summary>
</member>
<member name="T:TelerikWpfApp1.SaveNoti1">
<summary>
SaveNoti1
</summary>
</member>
<member name="M:TelerikWpfApp1.SaveNoti1.InitializeComponent">
<summary>
InitializeComponent
</summary>
</member>
<member name="T:TelerikWpfApp1.CursorSettingMenu">
<summary>
CursorSettingMenu
</summary>
</member>
<member name="M:TelerikWpfApp1.CursorSettingMenu.InitializeComponent">
<summary>
InitializeComponent
</summary>
</member>
<member name="T:TelerikWpfApp1.PicView">
<summary>
PicView
</summary>
</member>
<member name="M:TelerikWpfApp1.PicView.InitializeComponent">
<summary>
InitializeComponent
</summary>
</member>
<member name="T:TelerikWpfApp1.PenSettingWindow">
<summary>
PenSettingWindow
</summary>
</member>
<member name="M:TelerikWpfApp1.PenSettingWindow.InitializeComponent">
<summary>
InitializeComponent
</summary>
</member>
<member name="T:TelerikWpfApp1.MoreMenu">
<summary>
MoreMenu
</summary>
</member>
<member name="M:TelerikWpfApp1.MoreMenu.InitializeComponent">
<summary>
InitializeComponent
</summary>
</member>
<member name="T:TelerikWpfApp1.EraserSettingMenu">
<summary>
EraserSettingMenu
</summary>
</member>
<member name="M:TelerikWpfApp1.EraserSettingMenu.InitializeComponent">
<summary>
InitializeComponent
</summary>
</member>
<member name="T:TelerikWpfApp1.MarkerSettingMenu">
<summary>
MarkerSettingMenu
</summary>
</member>
<member name="M:TelerikWpfApp1.MarkerSettingMenu.InitializeComponent">
<summary>
InitializeComponent
</summary>
</member>
<member name="T:TelerikWpfApp1.PenSettingMenu">
<summary>
PenSettingMenu
</summary>
</member>
<member name="M:TelerikWpfApp1.PenSettingMenu.InitializeComponent">
<summary>
InitializeComponent
</summary>
</member>
<member name="T:TelerikWpfApp1.AboutWindow">
<summary>
AboutWindow
</summary>
</member>
<member name="M:TelerikWpfApp1.AboutWindow.InitializeComponent">
<summary>
InitializeComponent
</summary>
</member>
<member name="T:TelerikWpfApp1.SettingWindow">
<summary>
SettingWindow
</summary>
</member>
<member name="M:TelerikWpfApp1.SettingWindow.InitializeComponent">
<summary>
InitializeComponent
</summary>
</member>
<member name="T:TelerikWpfApp1.BoardView">
<summary>
BoardView
</summary>
</member>
<member name="M:TelerikWpfApp1.BoardView.InitializeComponent">
<summary>
InitializeComponent
</summary>
</member>
<member name="T:TelerikWpfApp1.YesNoDialog">
<summary>
YesNoDialog
</summary>
</member>
<member name="M:TelerikWpfApp1.YesNoDialog.InitializeComponent">
<summary>
InitializeComponent
</summary>
</member>
<member name="T:TelerikWpfApp1.Application">
<summary>
Application
</summary>
</member>
<member name="M:TelerikWpfApp1.Application.InitializeComponent">
<summary>
InitializeComponent
</summary>
</member>
<member name="M:TelerikWpfApp1.Application.Main">
<summary>
Application Entry Point.
</summary>
</member>
</members>
</doc>
